GEOID,SUMLEV,STATE,COUNTY,CBSA,CSA,NECTA,CNECTA,NAME,POP100,HU100,POP100.2000,HU100.2000,P003001,P003001.2000,P003002,P003002.2000,P003003,P003003.2000,P003004,P003004.2000,P003005,P003005.2000,P003006,P003006.2000,P003007,P003007.2000,P003008,P003008.2000
5100148,160,51,,,,,,Abingdon town,8191,4271,7780,3788,8191,7780,7681,7390,257,265,15,10,86,50,6,1,64,15,82,49
5100180,160,51,,,,,,Accomac town,519,229,547,235,519,547,389,389,106,135,0,0,3,14,1,0,17,5,3,4
5100724,160,51,,,,,,Alberta town,298,163,306,158,298,306,177,183,112,121,4,0,0,1,0,0,2,1,3,0
5101000,160,51,,,,,,Alexandria city,139966,72376,128283,64251,139966,128283,85186,76702,30491,28915,589,355,8432,7249,141,112,9902,9467,5225,5483
5101256,160,51,,,,,,Allisonia CDP,117,107,,,117,,107,,8,,1,,1,,0,,0,,0,
5101528,160,51,,,,,,Altavista town,3450,1669,3425,1650,3450,3425,2415,2543,891,841,5,3,20,7,0,0,35,11,84,20
5101640,160,51,,,,,,Amelia Court House CDP,1099,419,,,1099,,757,,264,,8,,7,,0,,50,,13,
5101672,160,51,,,,,,Amherst town,2231,1032,2251,1000,2231,2251,1571,1552,550,667,17,7,14,7,0,0,24,1,55,17
5101912,160,51,,,,,,Annandale CDP,41008,14715,54994,20243,41008,54994,20670,35473,3533,3224,212,165,10103,10647,53,41,4746,3266,1691,2178
5102040,160,51,,,,,,Appalachia town,1754,879,1839,891,1754,1839,1675,1732,52,84,4,5,2,3,0,0,1,7,20,8
5102064,160,51,,,,,,Apple Mountain Lake CDP,1396,501,,,1396,,1265,,20,,21,,24,,0,,40,,26,
5102072,160,51,,,,,,Appomattox town,1733,849,1761,767,1733,1761,1141,1178,540,566,8,5,3,0,0,0,5,2,36,10
5102112,160,51,,,,,,Aquia Harbour CDP,6727,2300,7856,2622,6727,7856,5704,6752,521,701,38,44,150,100,8,8,85,68,221,183
5102248,160,51,,,,,,Arcola CDP,233,96,,,233,,108,,13,,0,,72,,0,,28,,12,
5103208,160,51,,,,,,Arrington CDP,708,309,,,708,,459,,227,,1,,1,,0,,6,,14,
5103320,160,51,,,,,,Ashburn CDP,43511,15795,,,43511,,30442,,3423,,120,,6530,,23,,1272,,1701,
5103368,160,51,,,,,,Ashland town,7225,2863,6619,2445,7225,6619,5137,4947,1606,1473,31,24,84,47,4,0,178,45,185,83
5103512,160,51,,,,,,Atkins CDP,1143,584,1138,571,1143,1138,1129,1126,2,0,1,1,0,0,0,0,1,6,10,5
5103528,160,51,,,,,,Atlantic CDP,862,419,,,862,,556,,282,,8,,5,,0,,0,,11,
5103608,160,51,,,,,,Augusta Springs CDP,257,122,,,257,,250,,0,,0,,2,,0,,2,,3,
5104088,160,51,,,,,,Bailey's Crossroads CDP,23643,9682,23166,8813,23643,23166,12109,11096,3599,2514,241,126,2458,2865,27,21,4046,4340,1163,2204
5104856,160,51,,,,,,Baskerville CDP,128,60,,,128,,89,,37,,0,,0,,0,,0,,2,
5104872,160,51,,,,,,Bassett CDP,1100,607,1338,601,1100,1338,762,976,230,323,0,0,3,1,0,1,81,24,24,13
5104920,160,51,,,,,,Basye CDP,1253,1646,,,1253,,1189,,17,,5,,2,,0,,4,,36,
5105200,160,51,,,,,,Bayside CDP,120,71,,,120,,5,,114,,0,,0,,0,,1,,0,
5105336,160,51,,,,,,Bealeton CDP,4435,1549,,,4435,,3421,,512,,18,,56,,5,,249,,174,
5105544,160,51,,,,,,Bedford city,6222,2920,6299,2702,6222,6299,4755,4745,1256,1410,13,15,41,36,1,5,37,15,119,73
5105928,160,51,,,,,,Belle Haven CDP,6518,3240,6269,3220,6518,6269,5400,5402,456,431,14,16,228,142,10,4,229,121,181,153
5106216,160,51,,,,,,Bellwood CDP,6352,2705,5974,2448,6352,5974,3637,4132,1662,1214,58,48,154,153,16,2,607,260,218,165
5106275,160,51,,,,,,Belmont CDP,5966,1870,,,5966,,4108,,363,,17,,1202,,1,,59,,216,
5106336,160,51,,,,,,Belmont Estates CDP,1263,507,,,1263,,1230,,10,,0,,6,,0,,5,,12,
5106424,160,51,,,,,,Belspring CDP,256,121,,,256,,252,,1,,0,,1,,0,,1,,1,
5106512,160,51,,,,,,Belview CDP,891,436,,,891,,834,,34,,1,,3,,0,,5,,14,
5106712,160,51,,,,,,Benns Church CDP,872,361,,,872,,502,,306,,2,,13,,0,,20,,29,
5106728,160,51,,,,,,Bensley CDP,5819,2381,5435,2368,5819,5435,2637,3388,1433,1322,54,35,116,239,5,6,1344,274,230,171
5106968,160,51,,,,,,Berryville town,4185,1804,2963,1312,4185,2963,3549,2505,361,403,24,3,57,17,2,0,77,4,115,31
5107160,160,51,,,,,,Bethel Manor CDP,3792,1222,,,3792,,2492,,726,,32,,82,,16,,144,,300,
5107400,160,51,,,,,,Big Island CDP,303,153,,,303,,289,,12,,1,,0,,0,,0,,1,
5107480,160,51,,,,,,Big Stone Gap town,5614,2052,4856,2197,5614,4856,4449,4549,1017,214,10,7,16,22,1,1,28,18,93,45
5107784,160,51,,,,,,Blacksburg town,42620,15342,39573,13732,42620,39573,34588,33394,1818,1738,87,45,4518,3087,17,22,380,355,1212,932
5107944,160,51,,,,,,Blairs CDP,916,413,,,916,,647,,240,,0,,3,,0,,13,,13,
5107976,160,51,,,,,,Bland CDP,409,222,,,409,,405,,0,,0,,0,,0,,1,,3,
5108120,160,51,,,,,,Bloxom town,387,184,395,175,387,395,297,321,50,26,1,2,0,0,0,0,34,40,5,6
5108200,160,51,,,,,,Blue Ridge CDP,3084,1269,3188,1219,3084,3188,2954,3039,79,91,7,7,12,16,0,0,5,2,27,33
5108264,160,51,,,,,,Blue Ridge Shores CDP,813,566,,,813,,750,,42,,1,,5,,0,,1,,14,
5108320,160,51,,,,,,Bobtown CDP,211,143,,,211,,170,,31,,0,,0,,4,,4,,2,
5108675,160,51,,,,,,Boston CDP,504,229,,,504,,49,,448,,0,,0,,0,,6,,1,
5108708,160,51,,,,,,Boswell's Corner CDP,1375,522,,,1375,,858,,346,,9,,38,,3,,53,,68,
5108984,160,51,,,,,,Boyce town,589,252,426,168,589,426,512,368,37,50,2,5,7,1,0,0,8,0,23,2
5109064,160,51,,,,,,Bracey CDP,1554,2072,,,1554,,1324,,180,,6,,20,,1,,1,,22,
5109188,160,51,,,,,,Brambleton CDP,9845,3265,,,9845,,5966,,665,,20,,2547,,7,,158,,482,
5109208,160,51,,,,,,Branchville town,114,52,123,56,114,123,85,83,28,38,0,0,0,1,0,0,0,0,1,1
5109248,160,51,,,,,,Brandermill CDP,13173,5747,,,13173,,10883,,1417,,35,,448,,7,,90,,293,
5109656,160,51,,,,,,Bridgewater town,5644,2120,5203,1850,5644,5203,5202,4952,138,129,15,6,26,22,1,0,154,49,108,45
5109752,160,51,,,,,,Brightwood CDP,1001,409,,,1001,,911,,49,,1,,2,,0,,4,,34,
5109816,160,51,,,,,,Bristol city,17835,8831,17367,8469,17835,17367,16214,16072,1009,967,52,43,122,64,4,2,92,32,342,187
5109952,160,51,,,,,,Broadlands CDP,12313,3823,,,12313,,8798,,696,,28,,2095,,5,,188,,503,
5110040,160,51,,,,,,Broadway town,3691,1560,2192,976,3691,2192,3424,2131,37,14,22,5,24,15,0,0,119,13,65,14
5110072,160,51,,,,,,Brodnax town,298,144,317,139,298,317,159,163,129,154,0,0,0,0,0,0,6,0,4,0
5110296,160,51,,,,,,Brookneal town,1112,567,1259,580,1112,1259,691,803,404,437,2,0,0,0,0,0,5,7,10,12
5110744,160,51,,,,,,Buchanan town,1178,608,1233,579,1178,1233,1101,1120,37,98,2,1,2,4,0,0,0,0,36,10
5110776,160,51,,,,,,Buckhall CDP,16293,5325,,,16293,,12570,,1395,,101,,1166,,12,,487,,562,
5110856,160,51,,,,,,Buckingham Courthouse CDP,133,72,,,133,,88,,40,,0,,0,,0,,1,,4,
5111032,160,51,,,,,,Buena Vista city,6650,2936,6349,2716,6650,6349,6050,5940,347,305,73,19,29,27,12,1,28,5,111,52
5111230,160,51,,,,,,Bull Run CDP,14983,5946,11337,4948,14983,11337,7024,7193,3006,2151,84,31,1079,619,3,9,2953,911,834,423
5111245,160,51,,,,,,Bull Run Mountain Estates CDP,1251,484,,,1251,,1135,,45,,2,,15,,0,,17,,37,
5111464,160,51,,,,,,Burke CDP,41055,13884,57737,19367,41055,57737,28263,42936,2616,2910,112,124,7052,8462,20,47,1415,1370,1577,1888
5111470,160,51,,,,,,Burke Centre CDP,17326,6460,,,17326,,12163,,1018,,45,,2652,,16,,668,,764,
5112136,160,51,,,,,,Callaghan CDP,348,183,,,348,,315,,30,,0,,0,,0,,0,,3,
5112264,160,51,,,,,,Calverton CDP,239,119,,,239,,196,,26,,6,,3,,0,,5,,3,
5112590,160,51,,,,,,Camptown CDP,766,356,,,766,,308,,439,,1,,0,,0,,9,,9,
5112600,160,51,,,,,,Cana CDP,1254,624,1228,576,1254,1228,1207,1194,7,1,1,1,0,0,1,0,25,19,13,13
5112904,160,51,,,,,,Capron town,166,70,167,79,166,167,136,121,29,46,0,0,0,0,0,0,0,0,1,0
5112915,160,51,,,,,,Captains Cove CDP,1042,844,,,1042,,943,,68,,0,,11,,5,,1,,14,
5113160,160,51,,,,,,Carrollton CDP,4574,1895,,,4574,,3374,,928,,30,,83,,2,,40,,117,
5113192,160,51,,,,,,Carrsville CDP,359,172,,,359,,275,,79,,1,,0,,0,,3,,1,
5113403,160,51,,,,,,Cascades CDP,11912,4495,,,11912,,8653,,719,,27,,1652,,17,,273,,571,
5113512,160,51,,,,,,Castlewood CDP,2045,937,2036,950,2045,2036,1962,2005,28,19,8,2,2,0,0,0,24,1,21,9
5113624,160,51,,,,,,Catlett CDP,296,125,,,296,,268,,8,,14,,0,,0,,1,,5,
5113635,160,51,,,,,,Cats Bridge CDP,229,122,,,229,,27,,199,,0,,0,,0,,1,,2,
5113720,160,51,,,,,,Cave Spring CDP,24922,11832,24941,11556,24922,24941,22083,23186,1063,605,46,21,1070,738,7,6,194,111,459,274
5113784,160,51,,,,,,Cedar Bluff town,1137,573,1085,535,1137,1085,1126,1074,0,0,0,2,0,1,0,0,1,4,10,4
5114312,160,51,,,,,,Central Garage CDP,1318,520,,,1318,,1134,,104,,26,,5,,2,,12,,35,
5114440,160,51,,,,,,Centreville CDP,71135,25516,48661,18176,71135,48661,40565,33816,5334,4322,206,143,18264,6934,82,25,3576,1776,3108,1645
5114544,160,51,,,,,,Chamberlayne CDP,5456,2345,4380,1916,5456,4380,1899,2095,3205,2155,7,7,157,49,0,4,49,17,139,53
5114744,160,51,,,,,,Chantilly CDP,23039,7403,41041,15173,23039,41041,13261,30098,1506,2046,58,117,5814,6716,15,24,1403,826,982,1214
5114904,160,51,,,,,,Charles City CDP,133,67,,,133,,59,,72,,0,,0,,0,,0,,2,
5114984,160,51,,,,,,Chase City town,2351,1210,2457,1249,2351,2457,1134,1315,1131,1097,4,5,18,3,0,1,12,12,52,24
5114995,160,51,,,,,,Chase Crossing CDP,377,128,,,377,,147,,125,,6,,0,,2,,91,,6,
5115048,160,51,,,,,,Chatmoss CDP,1698,784,1742,715,1698,1742,1264,1399,360,273,1,3,21,31,0,0,37,20,15,16
5115176,160,51,,,,,,Cherry Hill CDP,16000,5587,,,16000,,4823,,7792,,66,,1303,,28,,1024,,964,
5116000,160,51,,,,,,Chesapeake city,222209,83196,199184,72672,222209,199184,139012,133193,66237,56823,871,770,6383,3673,169,101,2760,1400,6777,3224
5116096,160,51,,,,,,Chester CDP,20987,8320,17890,6951,20987,17890,14906,14541,4095,2403,104,78,472,386,13,19,833,188,564,275
5116240,160,51,,,,,,Chester Gap CDP,839,350,,,839,,798,,15,,1,,2,,0,,3,,20,
5116480,160,51,,,,,,Chilhowie town,1781,790,1827,775,1781,1827,1627,1726,31,56,1,6,6,1,0,0,96,27,20,11
5116512,160,51,,,,,,Chincoteague town,2941,4517,4317,3970,2941,4317,2804,4184,23,41,8,12,17,12,0,0,7,16,82,52
5116736,160,51,,,,,,Churchville CDP,194,90,,,194,,189,,0,,0,,1,,0,,0,,4,
5116880,160,51,,,,,,Claremont town,378,217,343,240,378,343,282,251,84,78,2,7,2,0,1,0,2,0,5,7
5116992,160,51,,,,,,Clarksville town,1139,768,1329,753,1139,1329,820,946,293,356,1,5,6,5,0,0,4,1,15,16
5117120,160,51,,,,,,Claypool Hill CDP,1776,770,1719,760,1776,1719,1744,1701,2,1,5,3,23,9,0,0,1,2,1,3
5117296,160,51,,,,,,Cleveland town,202,116,148,113,202,148,195,145,5,0,0,0,0,0,0,0,0,0,2,3
5117440,160,51,,,,,,Clifton Forge town,3884,2004,4289,2069,3884,4289,3278,3558,457,627,9,4,14,2,2,0,16,21,108,77
5117504,160,51,,,,,,Clinchco town,337,197,424,226,337,424,318,384,16,38,1,0,0,0,0,0,0,1,2,1
5117536,160,51,,,,,,Clinchport town,70,38,77,38,70,77,70,76,0,0,0,0,0,0,0,0,0,0,0,1
5117552,160,51,,,,,,Clintwood town,1414,710,1549,756,1414,1549,1396,1526,4,3,0,3,2,2,0,0,4,0,8,15
5117632,160,51,,,,,,Clover CDP,438,226,,,438,,233,,197,,1,,1,,0,,1,,5,
5117776,160,51,,,,,,Cluster Springs CDP,811,387,,,811,,637,,152,,3,,7,,0,,7,,5,
5117952,160,51,,,,,,Coeburn town,2139,962,1996,923,2139,1996,2032,1902,62,56,2,4,0,2,0,1,17,1,26,30
5118352,160,51,,,,,,Collinsville CDP,7335,3765,7777,3758,7335,7777,5678,6598,1002,877,17,11,58,49,0,14,455,154,125,74
5118448,160,51,,,,,,Colonial Heights city,17411,7831,16897,7340,17411,16897,14326,15052,1783,1059,68,32,578,459,8,14,258,108,390,173
5118624,160,51,,,,,,Columbia town,83,30,49,22,83,49,44,31,39,14,0,0,0,0,0,0,0,0,0,4
5118880,160,51,,,,,,Concord CDP,1458,619,,,1458,,1253,,171,,2,,3,,0,,9,,20,
5119560,160,51,,,,,,Countryside CDP,10072,3698,,,10072,,7353,,697,,25,,1041,,7,,533,,416,
5119571,160,51,,,,,,County Center CDP,3270,1137,,,3270,,1560,,1090,,4,,315,,4,,117,,180,
5119728,160,51,,,,,,Covington city,5961,3067,6303,3195,5961,6303,5014,5298,746,828,18,22,34,41,0,1,33,13,116,100
5120160,160,51,,,,,,Crewe town,2326,1078,2378,1074,2326,2378,1505,1832,672,503,20,8,0,4,0,2,87,5,42,24
5120436,160,51,,,,,,Crosspointe CDP,5802,1806,,,5802,,4537,,289,,13,,699,,4,,85,,175,
5120560,160,51,,,,,,Crozet CDP,5565,2229,2820,1041,5565,2820,5017,2592,227,166,4,2,186,17,0,0,32,10,99,33
5120752,160,51,,,,,,Culpeper town,16379,6271,9664,4139,16379,9664,10070,6848,3594,2290,92,20,341,128,17,1,1603,191,662,186
5120768,160,51,,,,,,Cumberland CDP,393,178,,,393,,208,,167,,3,,1,,0,,4,,10,
5121008,160,51,,,,,,Dahlgren CDP,2653,1184,997,510,2653,997,1629,701,810,252,29,3,45,15,0,1,38,6,102,19
5121016,160,51,,,,,,Dahlgren Center CDP,599,192,,,599,,437,,80,,4,,27,,2,,10,,39,
5121088,160,51,,,,,,Dale City CDP,65969,20922,55971,18171,65969,55971,29976,31818,18883,16099,471,235,5005,2840,111,107,7703,2392,3820,2480
5121152,160,51,,,,,,Daleville CDP,2557,1154,1454,573,2557,1454,2473,1415,46,22,3,3,17,6,0,0,0,2,18,6
5121312,160,51,,,,,,Dante CDP,649,367,,,649,,633,,11,,0,,0,,0,,0,,5,
5121344,160,51,,,,,,Danville city,43055,22438,48411,23108,43055,48411,20531,26075,20795,21352,75,81,403,291,11,14,664,219,576,379
5121776,160,51,,,,,,Deep Creek CDP,115,84,,,115,,109,,4,,0,,0,,0,,0,,2,
5121872,160,51,,,,,,Deerfield CDP,132,78,,,132,,120,,0,,0,,0,,1,,0,,11,
5122064,160,51,,,,,,Deltaville CDP,1119,1212,,,1119,,1073,,23,,8,,5,,0,,2,,8,
5122976,160,51,,,,,,Dooms CDP,1327,629,1282,553,1327,1282,1273,1249,26,17,0,0,1,1,0,0,9,0,18,15
5123392,160,51,,,,,,Dranesville CDP,11921,3895,,,11921,,9087,,504,,27,,1555,,8,,307,,433,
5123408,160,51,,,,,,Draper CDP,320,153,,,320,,298,,19,,0,,0,,0,,0,,3,
5123584,160,51,,,,,,Dryden CDP,1208,518,1253,507,1208,1253,1180,1236,6,9,1,4,8,3,0,0,1,0,12,1
5123648,160,51,,,,,,Dublin town,2534,943,2288,969,2534,2288,2218,2033,239,196,1,5,13,7,0,0,27,11,36,36
5123680,160,51,,,,,,Duffield town,91,47,62,30,91,62,89,62,0,0,0,0,1,0,0,0,0,0,1,0
5123732,160,51,,,,,,Dulles Town Center CDP,4601,1797,,,4601,,2323,,561,,5,,1106,,2,,399,,205,
5123744,160,51,,,,,,Dumbarton CDP,7879,3911,6674,3782,7879,6674,3724,4032,2567,1931,27,18,477,376,7,1,792,147,285,169
5123760,160,51,,,,,,Dumfries town,4961,1689,4937,1699,4961,4937,1962,2612,1740,1741,73,31,213,53,3,0,656,283,314,217
5123952,160,51,,,,,,Dungannon town,332,179,317,149,332,317,328,317,0,0,0,0,0,0,0,0,3,0,1,0
5124544,160,51,,,,,,East Lexington CDP,1463,688,,,1463,,1247,,126,,10,,41,,1,,1,,37,
5124752,160,51,,,,,,Eastville town,305,79,203,75,305,203,174,139,121,59,0,1,2,0,0,0,4,1,4,3
5124816,160,51,,,,,,Ebony CDP,161,85,,,161,,98,,62,,0,,0,,0,,0,,1,
5125008,160,51,,,,,,Edinburg town,1041,543,813,425,1041,813,941,764,24,1,3,3,1,0,0,0,58,30,14,15
5125408,160,51,,,,,,Elkton town,2726,1314,2042,919,2726,2042,2565,1950,100,56,0,3,13,5,0,0,17,1,31,27
5125488,160,51,,,,,,Elliston CDP,902,386,,,902,,817,,34,,3,,2,,0,,46,,0,
5125792,160,51,,,,,,Emory CDP,1251,310,,,1251,,1140,,69,,3,,16,,1,,3,,19,
5125808,160,51,,,,,,Emporia city,5927,2565,5665,2412,5927,5665,1937,2405,3706,3181,19,4,43,30,4,4,127,17,91,24
5125877,160,51,,,,,,Enon CDP,3466,1626,,,3466,,2788,,495,,8,,48,,1,,57,,69,
5125968,160,51,,,,,,Esmont CDP,528,243,,,528,,217,,269,,5,,0,,1,,21,,15,
5126128,160,51,,,,,,Ettrick CDP,6682,1746,5627,1673,6682,5627,1165,1209,5236,4228,20,18,22,29,0,5,59,56,180,82
5126496,160,51,,,,,,Fairfax city,22565,8680,21498,8204,22565,21498,15706,15675,1071,1090,111,73,3432,2617,14,16,1323,1326,908,701
5126592,160,51,,,,,,Fairfax Station CDP,12030,4140,,,12030,,9487,,472,,15,,1462,,5,,210,,379,
5126701,160,51,,,,,,Fair Lakes CDP,7942,3358,,,7942,,4117,,690,,12,,2632,,2,,167,,322,
5126736,160,51,,,,,,Fairlawn CDP,2367,1193,2211,1065,2367,2211,2238,2050,66,122,4,3,31,5,2,0,8,6,18,25
5126875,160,51,,,,,,Fair Oaks CDP,30223,14367,,,30223,,17464,,2673,,62,,7815,,42,,908,,1259,
5126944,160,51,,,,,,Fairview CDP,240,69,,,240,,100,,136,,0,,4,,0,,0,,0,
5127040,160,51,,,,,,Fairview Beach CDP,391,312,230,222,391,230,370,224,11,0,1,0,2,2,0,0,2,0,5,4
5127200,160,51,,,,,,Falls Church city,12332,5489,10377,4725,12332,10377,9853,8817,532,340,33,25,1162,675,4,7,259,261,489,252
5128496,160,51,,,,,,Flint Hill CDP,209,124,,,209,,200,,7,,0,,0,,0,,0,,2,
5128528,160,51,,,,,,Floris CDP,8375,2562,,,8375,,4883,,294,,18,,2785,,6,,72,,317,
5128688,160,51,,,,,,Forest CDP,9106,3922,8006,3294,9106,8006,7996,7349,652,452,10,8,277,109,2,1,84,22,85,65
5129008,160,51,,,,,,Fort Belvoir CDP,7100,2018,7176,2056,7100,7176,4609,3996,1541,2284,43,39,176,123,32,64,179,364,520,306
5129040,160,51,,,,,,Fort Chiswell CDP,939,417,911,380,939,911,904,893,9,7,1,1,12,0,0,0,5,1,8,9
5129136,160,51,,,,,,Fort Hunt CDP,16045,6113,12923,5050,16045,12923,14698,11997,368,306,28,22,449,331,9,6,121,63,372,198
5129552,160,51,,,,,,Franconia CDP,18245,7627,31907,13509,18245,31907,10739,22099,3393,4329,69,95,2635,3419,23,35,570,727,816,1203
5129628,160,51,,,,,,Franklin Farm CDP,19288,6197,,,19288,,14766,,634,,38,,2996,,7,,247,,600,
5129744,160,51,,,,,,Fredericksburg city,24286,10467,19279,8888,24286,19279,15596,14108,5498,3935,100,65,689,291,17,11,1437,494,949,375
5129840,160,51,,,,,,Free Union CDP,193,82,,,193,,178,,1,,2,,1,,0,,4,,7,
5129920,160,51,,,,,,Fries town,484,340,614,337,484,614,469,606,5,4,1,1,1,0,0,0,1,1,7,2
5129968,160,51,,,,,,Front Royal town,14440,6184,13589,5752,14440,13589,12295,12000,1292,1180,35,38,204,85,7,6,212,90,395,190
5130208,160,51,,,,,,Galax city,7042,3252,6837,3217,7042,6837,6044,5887,439,428,7,31,37,48,8,1,363,377,144,65
5130384,160,51,,,,,,Gargatha CDP,381,187,,,381,,221,,128,,0,,2,,4,,21,,5,
5130480,160,51,,,,,,Gasburg CDP,481,636,,,481,,442,,30,,1,,3,,0,,3,,2,
5130496,160,51,,,,,,Gate City town,2034,1087,2159,1119,2034,2159,1932,2066,62,82,10,2,4,0,0,0,8,0,18,9
5130618,160,51,,,,,,George Mason CDP,9496,1730,,,9496,,6374,,893,,39,,1417,,7,,333,,433,
5131056,160,51,,,,,,Glade Spring town,1456,670,1374,626,1456,1374,1366,1269,70,97,3,1,1,2,0,0,3,3,13,2
5131200,160,51,,,,,,Glen Allen CDP,14774,6241,12562,5297,14774,12562,9431,9412,3781,2454,36,52,925,387,11,8,228,101,362,148
5131376,160,51,,,,,,Glen Lyn town,115,58,151,62,115,151,115,151,0,0,0,0,0,0,0,0,0,0,0,0
5131488,160,51,,,,,,Glenvar CDP,976,459,,,976,,931,,37,,0,,1,,1,,0,,6,
5131616,160,51,,,,,,Gloucester Point CDP,9402,4257,9429,4071,9402,9429,8287,8220,708,864,22,44,83,120,3,6,56,57,243,118
5131808,160,51,,,,,,Goochland CDP,861,338,,,861,,728,,83,,5,,21,,0,,3,,21,
5131968,160,51,,,,,,Goshen town,361,192,406,214,361,406,354,391,5,15,1,0,0,0,0,0,0,0,1,0
5132320,160,51,,,,,,Gratton CDP,937,412,,,937,,913,,11,,0,,4,,2,,1,,6,
5132496,160,51,,,,,,Great Falls CDP,15427,5179,8549,2852,15427,8549,12424,7594,280,103,17,12,2085,633,3,3,92,37,526,167
5132560,160,51,,,,,,Greenbackville CDP,192,145,,,192,,183,,4,,0,,0,,0,,0,,5,
5132592,160,51,,,,,,Greenbriar CDP,8166,3224,,,8166,,5556,,440,,19,,1450,,7,,369,,325,
5132624,160,51,,,,,,Greenbush CDP,220,96,,,220,,131,,55,,8,,1,,0,,25,,0,
5132944,160,51,,,,,,Greenville CDP,832,259,886,251,832,886,684,734,131,148,9,3,1,0,0,0,2,0,5,1
5133232,160,51,,,,,,Gretna town,1267,686,1257,635,1267,1257,778,761,467,489,2,1,6,1,0,0,1,2,13,3
5133488,160,51,,,,,,Grottoes town,2668,1135,2114,894,2668,2114,2461,2007,93,80,10,4,16,5,0,0,51,2,37,16
5133584,160,51,,,,,,Groveton CDP,14598,5634,21296,8275,14598,21296,7369,12491,3330,4125,76,66,1171,1650,7,21,1997,1994,648,949
5133648,160,51,,,,,,Grundy town,1021,465,1105,519,1021,1105,877,875,102,198,1,0,15,5,0,1,12,20,14,6
5133824,160,51,,,,,,Gwynn CDP,602,654,,,602,,560,,10,,1,,5,,0,,2,,24,
5134064,160,51,,,,,,Halifax town,1309,605,1389,583,1309,1389,812,871,468,502,5,1,8,2,0,0,3,4,13,9
5134176,160,51,,,,,,Hallwood town,206,108,290,121,206,290,172,244,26,13,1,3,0,0,0,0,2,26,5,4
5134304,160,51,,,,,,Hampden-Sydney CDP,1450,197,1264,184,1450,1264,1239,1043,169,210,4,0,12,3,0,0,11,0,15,8
5135000,160,51,,,,,,Hampton city,137436,59566,146437,57311,137436,146437,58642,72556,68104,65428,594,616,2992,2694,154,136,1826,1505,5124,3502
5135160,160,51,,,,,,Hanover CDP,252,117,,,252,,213,,34,,0,,4,,0,,1,,0,
5135240,160,51,,,,,,Harborton CDP,131,94,,,131,,121,,10,,0,,0,,0,,0,,0,
5135624,160,51,,,,,,Harrisonburg city,48914,17444,40468,13689,48914,40468,38371,34334,3112,2394,127,76,1718,1257,62,10,4030,1355,1494,1042
5135640,160,51,,,,,,Harriston CDP,909,369,,,909,,828,,32,,3,,4,,0,,21,,21,
5135912,160,51,,,,,,Hayfield CDP,3909,1465,,,3909,,3031,,424,,11,,248,,2,,58,,135,
5135976,160,51,,,,,,Haymarket town,1782,621,879,337,1782,879,1307,809,145,47,9,0,180,7,1,0,56,6,84,10
5136008,160,51,,,,,,Haysi town,498,128,186,99,498,186,488,182,4,4,1,0,2,0,0,0,0,0,3,0
5136216,160,51,,,,,,Heathsville CDP,142,102,,,142,,121,,16,,0,,0,,0,,5,,0,
5136445,160,51,,,,,,Henry Fork CDP,1234,551,,,1234,,833,,231,,12,,1,,0,,114,,43,
5136648,160,51,,,,,,Herndon town,23292,7813,21655,7190,23292,21655,11810,12535,2223,2060,154,91,4170,3002,5,10,3719,2805,1211,1152
5137032,160,51,,,,,,Highland Springs CDP,15711,6621,15137,6040,15711,15137,4659,6733,10388,7845,73,94,77,97,8,1,150,121,356,246
5137288,160,51,,,,,,Hillsboro town,80,38,96,41,80,96,65,93,1,3,0,0,6,0,0,0,2,0,6,0
5137544,160,51,,,,,,Hiwassee CDP,264,192,,,264,,258,,1,,0,,1,,0,,0,,4,
5138032,160,51,,,,,,Hollymead CDP,7690,3013,,,7690,,6376,,406,,13,,611,,2,,88,,194,
5138424,160,51,,,,,,Hopewell city,22591,10121,22354,9749,22591,22354,12515,13924,8367,7484,87,79,181,180,24,16,697,275,720,396
5138504,160,51,,,,,,Horntown CDP,574,1142,,,574,,301,,258,,2,,3,,0,,1,,9,
5138552,160,51,,,,,,Horse Pasture CDP,2227,1026,2255,1021,2227,2255,1485,1582,682,631,2,7,6,4,0,0,22,0,30,31
5138632,160,51,,,,,,Hot Springs CDP,738,571,,,738,,601,,120,,1,,3,,0,,1,,12,
5139224,160,51,,,,,,Hurt town,1304,642,1276,592,1304,1276,1103,1104,185,154,0,2,6,5,0,0,3,4,7,7
5139304,160,51,,,,,,Hybla Valley CDP,15801,6060,16721,6515,15801,16721,6115,8357,5028,4770,82,97,1412,1340,20,10,2458,1517,686,630
5139448,160,51,,,,,,Idylwood CDP,17288,7138,16005,6727,17288,16005,10262,10034,976,1109,65,51,3697,3074,8,9,1624,1134,656,594
5139544,160,51,,,,,,Independent Hill CDP,7419,2286,,,7419,,5595,,1053,,30,,294,,5,,187,,255,
5139920,160,51,,,,,,Innsbrook CDP,7753,3332,,,7753,,4850,,880,,23,,1713,,3,,95,,189,
5140024,160,51,,,,,,Iron Gate town,388,183,404,197,388,404,368,382,15,21,0,0,0,0,0,0,1,0,4,1
5140088,160,51,,,,,,Irvington town,432,374,673,325,432,673,422,662,3,10,1,0,2,1,0,0,2,0,2,0
5140216,160,51,,,,,,Ivanhoe CDP,551,263,,,551,,535,,2,,8,,0,,0,,5,,1,
5140232,160,51,,,,,,Ivor town,339,156,320,152,339,320,280,244,43,63,2,4,3,0,0,0,3,0,8,9
5140248,160,51,,,,,,Ivy CDP,905,378,,,905,,827,,46,,0,,21,,0,,1,,10,
5140536,160,51,,,,,,Jarratt town,638,304,589,293,638,589,303,372,320,212,5,0,0,1,0,0,4,2,6,2
5141144,160,51,,,,,,Jolivue CDP,1129,601,1037,594,1129,1037,1030,961,50,29,4,0,25,16,3,0,0,10,17,21
5141272,160,51,,,,,,Jonesville town,1034,606,995,565,1034,995,1018,988,3,1,2,0,2,0,0,0,0,0,9,6
5142104,160,51,,,,,,Keokee CDP,416,188,316,147,416,316,412,309,2,0,0,0,0,0,0,0,1,0,1,7
5142264,160,51,,,,,,Keysville town,832,401,817,398,832,817,539,529,246,274,4,0,5,1,0,0,26,9,12,4
5142424,160,51,,,,,,Kilmarnock town,1487,810,1244,607,1487,1244,972,992,477,237,1,1,15,4,0,0,1,1,21,9
5142536,160,51,,,,,,King and Queen Court House CDP,85,54,,,85,,49,,35,,0,,0,,0,,0,,1,
5142568,160,51,,,,,,King George CDP,4457,1681,,,4457,,3361,,816,,18,,51,,0,,22,,189,
5142664,160,51,,,,,,Kings Park CDP,4333,1453,,,4333,,3089,,179,,11,,697,,8,,206,,143,
5142680,160,51,,,,,,Kings Park West CDP,13390,4439,,,13390,,9462,,688,,24,,2278,,21,,354,,563,
5142746,160,51,,,,,,Kingstowne CDP,15556,7048,,,15556,,9770,,2631,,45,,2019,,7,,349,,735,
5142792,160,51,,,,,,King William CDP,252,111,,,252,,160,,60,,4,,4,,0,,0,,24,
5143176,160,51,,,,,,La Crosse town,604,299,618,314,604,618,370,339,192,267,0,2,2,1,0,0,32,3,8,6
5143224,160,51,,,,,,Lafayette CDP,449,210,,,449,,434,,5,,0,,0,,0,,4,,6,
5143352,160,51,,,,,,Lake Barcroft CDP,9558,3731,8906,3673,9558,8906,6944,6767,496,438,24,23,1100,854,3,6,564,431,427,387
5143359,160,51,,,,,,Lake Caroline CDP,2260,1035,,,2260,,1779,,352,,20,,15,,2,,24,,68,
5143392,160,51,,,,,,Lake Holiday CDP,1905,844,,,1905,,1806,,31,,7,,9,,2,,10,,40,
5143420,160,51,,,,,,Lake Land'Or CDP,4223,1639,,,4223,,3053,,875,,22,,36,,6,,58,,173,
5143424,160,51,,,,,,Lake Monticello CDP,9920,4265,6852,2950,9920,6852,8861,6445,635,240,18,11,86,35,6,2,68,19,246,100
5143430,160,51,,,,,,Lake of the Woods CDP,7177,3631,,,7177,,6441,,375,,21,,82,,10,,58,,190,
5143432,160,51,,,,,,Lake Ridge CDP,41058,15678,30404,11265,41058,30404,25481,22615,8283,4872,242,73,2737,1072,49,39,2186,669,2080,1064
5143464,160,51,,,,,,Lakeside CDP,11849,5680,11157,5177,11849,11157,8815,9613,1978,976,49,68,310,160,2,8,408,136,287,196
5143600,160,51,,,,,,Lake Wilderness CDP,2669,899,,,2669,,2240,,238,,9,,28,,3,,57,,94,
5144048,160,51,,,,,,Lansdowne CDP,11253,4421,,,11253,,7699,,1051,,29,,1774,,3,,226,,471,
5144280,160,51,,,,,,Laurel CDP,16713,7268,14875,6522,16713,14875,9169,9666,5076,3615,68,49,1043,917,14,8,877,310,466,310
5144430,160,51,,,,,,Laurel Hill CDP,6855,2312,,,6855,,2798,,1360,,19,,2102,,7,,154,,415,
5144476,160,51,,,,,,Laurel Park CDP,675,332,781,342,675,781,238,260,414,503,0,0,7,3,0,1,6,9,10,5
5144620,160,51,,,,,,Laymantown CDP,1979,787,2034,794,1979,2034,1907,1972,30,34,3,5,14,12,0,0,2,4,23,7
5144952,160,51,,,,,,Lee Mont CDP,125,60,,,125,,96,,11,,0,,0,,3,,12,,3,
5144984,160,51,,,,,,Leesburg town,42616,15119,28311,10671,42616,28311,30313,23580,4063,2604,162,53,3025,739,19,9,3211,716,1823,610
5145512,160,51,,,,,,Lexington city,7042,2546,6867,2376,7042,6867,6003,5906,680,713,8,18,155,132,4,1,64,33,128,64
5145784,160,51,,,,,,Lincolnia CDP,22855,8555,15788,5255,22855,15788,10872,7519,4761,2971,109,35,3492,2369,14,3,2663,1812,944,1079
5145957,160,51,,,,,,Linton Hall CDP,35725,10633,8620,2851,35725,8620,24279,7547,4273,577,147,16,3935,228,39,11,1209,93,1843,148
5146328,160,51,,,,,,Loch Lomond CDP,3701,1081,3411,1063,3701,3411,2437,2708,207,239,31,9,100,72,6,2,740,303,180,78
5146760,160,51,,,,,,Long Branch CDP,7593,2652,,,7593,,5392,,192,,21,,1654,,3,,149,,182,
5147064,160,51,,,,,,Lorton CDP,18610,6726,17786,5892,18610,17786,7256,8706,5571,6165,58,52,3386,1357,37,23,1359,697,943,786
5147136,160,51,,,,,,Loudoun Valley Estates CDP,3656,1025,,,3656,,1071,,155,,10,,2230,,0,,41,,149,
5147144,160,51,,,,,,Louisa town,1555,750,1401,620,1555,1401,1009,936,425,413,2,11,23,10,0,0,46,11,50,20
5147208,160,51,,,,,,Lovettsville town,1613,599,853,325,1613,853,1404,816,96,21,5,3,27,5,2,0,30,6,49,2
5147224,160,51,,,,,,Lovingston CDP,520,262,,,520,,377,,102,,3,,7,,0,,6,,25,
5147296,160,51,,,,,,Lowes Island CDP,10756,3627,,,10756,,8072,,497,,31,,1585,,6,,120,,445,
5147352,160,51,,,,,,Low Moor CDP,258,133,367,161,258,367,230,351,17,14,1,1,0,0,0,0,2,0,8,1
5147496,160,51,,,,,,Lunenburg CDP,165,69,,,165,,119,,39,,1,,0,,0,,0,,6,
5147528,160,51,,,,,,Luray town,4895,2270,4871,2191,4895,4871,4506,4503,236,269,12,12,26,16,1,0,40,22,74,49
5147672,160,51,,,,,,Lynchburg city,75568,31992,65269,27640,75568,65269,48674,43487,22140,19382,237,169,1868,838,37,28,950,413,1662,952
5147720,160,51,,,,,,Lyndhurst CDP,1490,633,1527,602,1490,1527,1380,1422,62,79,4,2,6,4,1,0,19,11,18,9
5148376,160,51,,,,,,McLean CDP,48115,17756,38929,14735,48115,38929,38159,32918,875,616,66,37,7186,4129,14,12,366,267,1449,950
5148445,160,51,,,,,,McMullin CDP,464,208,,,464,,454,,6,,0,,2,,0,,0,,2,
5148450,160,51,,,,,,McNair CDP,17513,7823,,,17513,,6362,,2607,,49,,7089,,5,,707,,694,
5148488,160,51,,,,,,Madison town,229,107,210,115,229,210,168,151,42,59,4,0,0,0,0,0,0,0,15,0
5148520,160,51,,,,,,Madison Heights CDP,11285,4840,11584,4656,11285,11584,8314,9012,2453,2267,99,77,79,52,5,0,74,67,261,109
5148776,160,51,,,,,,Makemie Park CDP,155,72,,,155,,16,,137,,0,,0,,0,,0,,2,
5148952,160,51,,,,,,Manassas city,37821,13123,35135,12114,37821,35135,23336,25316,5188,4535,229,128,1884,1206,52,31,5503,2773,1629,1146
5148968,160,51,,,,,,Manassas Park city,14273,4904,10290,3365,14273,10290,7985,7490,1852,1149,56,45,1281,418,20,7,2304,838,775,343
5148996,160,51,,,,,,Manchester CDP,10804,4821,,,10804,,5919,,3438,,69,,317,,13,,707,,341,
5149144,160,51,,,,,,Mantua CDP,7135,2766,7485,2723,7135,7485,5244,5897,184,147,23,31,1407,1019,0,3,87,219,190,169
5149320,160,51,,,,,,Mappsburg CDP,60,28,,,60,,48,,11,,0,,0,,0,,0,,1,
5149336,160,51,,,,,,Mappsville CDP,440,167,,,440,,124,,151,,0,,0,,4,,149,,12,
5149464,160,51,,,,,,Marion town,5968,2822,6349,2865,5968,6349,5338,5840,424,377,9,15,33,33,2,1,61,24,101,59
5149656,160,51,,,,,,Marshall CDP,1480,578,,,1480,,1122,,165,,7,,9,,0,,132,,45,
5149792,160,51,,,,,,Marumsco CDP,35036,11975,,,35036,,15086,,7833,,316,,2381,,44,,7208,,2168,
5149998,160,51,,,,,,Mason Neck CDP,2005,800,,,2005,,1801,,83,,3,,62,,2,,13,,41,
5150020,160,51,,,,,,Massanetta Springs CDP,4833,1999,,,4833,,4491,,80,,3,,138,,0,,42,,79,
5150030,160,51,,,,,,Massanutten CDP,2291,2692,1945,1051,2291,1945,2201,1850,27,40,1,2,14,13,1,0,9,10,38,30
5150104,160,51,,,,,,Mathews CDP,555,272,,,555,,479,,49,,2,,0,,1,,0,,24,
5150136,160,51,,,,,,Matoaca CDP,2403,991,2273,911,2403,2273,1433,1490,897,730,3,5,10,7,3,1,5,6,52,34
5150200,160,51,,,,,,Maurertown CDP,770,337,,,770,,738,,14,,1,,4,,0,,3,,10,
5150312,160,51,,,,,,Max Meadows CDP,562,261,512,235,562,512,538,477,19,20,0,1,2,2,0,0,0,7,3,5
5150568,160,51,,,,,,Meadowbrook CDP,18312,7103,,,18312,,7154,,7895,,131,,764,,26,,1820,,522,
5150776,160,51,,,,,,Meadow View CDP,967,455,,,967,,920,,25,,0,,2,,0,,4,,16,
5150856,160,51,,,,,,Mechanicsville CDP,36348,14267,30464,11915,36348,30464,31623,27660,3086,1951,167,130,643,275,18,4,262,149,549,295
5151192,160,51,,,,,,Merrifield CDP,15212,6477,11170,4534,15212,11170,7549,6107,913,663,71,28,5366,3344,10,11,717,558,586,459
5151208,160,51,,,,,,Merrimac CDP,2133,1142,1751,934,2133,1751,1906,1652,110,33,9,10,27,34,1,0,45,6,35,16
5151362,160,51,,,,,,Metompkin CDP,551,291,,,551,,87,,393,,0,,1,,0,,65,,5,
5151432,160,51,,,,,,Middlebrook CDP,213,101,,,213,,207,,0,,0,,0,,0,,5,,1,
5151512,160,51,,,,,,Middletown town,1265,556,1015,432,1265,1015,1133,951,74,45,2,2,6,4,2,3,18,0,30,10
5151544,160,51,,,,,,Midland CDP,218,94,,,218,,190,,20,,0,,2,,0,,6,,0,
5152120,160,51,,,,,,Mineral town,467,204,424,196,467,424,409,410,39,9,6,1,1,0,0,0,6,0,6,4
5152408,160,51,,,,,,Modest Town CDP,149,78,,,149,,109,,33,,0,,0,,0,,6,,1,
5152658,160,51,,,,,,Montclair CDP,19570,6831,15728,5184,19570,15728,13285,12210,3595,2314,123,64,1067,475,47,32,517,170,936,463
5152680,160,51,,,,,,Monterey town,147,121,158,141,147,158,145,154,1,0,1,2,0,0,0,0,0,0,0,2
5152904,160,51,,,,,,Montrose CDP,7993,3579,7018,3081,7993,7018,2266,3262,5329,3507,31,25,82,71,2,0,64,62,219,91
5152968,160,51,,,,,,Montvale CDP,698,328,,,698,,652,,33,,2,,4,,0,,0,,7,
5153031,160,51,,,,,,Moorefield Station CDP,77,91,,,77,,38,,5,,1,,30,,0,,0,,3,
5153480,160,51,,,,,,Motley CDP,1015,490,,,1015,,734,,261,,2,,2,,0,,1,,15,
5153584,160,51,,,,,,Mountain Road CDP,1100,529,,,1100,,381,,700,,0,,0,,0,,3,,16,
5153864,160,51,,,,,,Mount Crawford town,433,201,254,109,433,254,409,246,13,4,0,1,2,0,0,0,8,0,1,3
5153944,160,51,,,,,,Mount Hermon CDP,3966,1676,,,3966,,3495,,336,,7,,55,,0,,18,,55,
5154120,160,51,,,,,,Mount Sidney CDP,663,288,,,663,,630,,16,,4,,0,,0,,7,,6,
5154904,160,51,,,,,,Narrows town,2029,941,2111,971,2029,2111,1979,2087,14,5,4,1,7,1,0,0,15,6,10,11
5154984,160,51,,,,,,Nassawadox town,499,239,572,207,499,572,278,247,205,314,0,0,1,5,0,0,8,0,7,6
5155000,160,51,,,,,,Nathalie CDP,183,93,,,183,,77,,101,,2,,0,,0,,3,,0,
5155272,160,51,,,,,,Neabsco CDP,12068,4114,,,12068,,4693,,4620,,52,,1252,,18,,723,,710,
5155400,160,51,,,,,,Nellysford CDP,1076,702,,,1076,,1024,,31,,1,,8,,0,,5,,7,
5155448,160,51,,,,,,Nelsonia CDP,523,215,,,523,,191,,282,,0,,3,,0,,36,,11,
5155528,160,51,,,,,,New Baltimore CDP,8119,2772,,,8119,,7327,,349,,15,,158,,3,,94,,173,
5155592,160,51,,,,,,New Castle town,153,84,179,93,153,179,150,179,0,0,1,0,0,0,0,0,0,0,2,0
5155608,160,51,,,,,,New Church CDP,205,112,,,205,,160,,34,,1,,2,,0,,7,,1,
5155720,160,51,,,,,,New Hope CDP,797,318,,,797,,775,,14,,0,,1,,0,,0,,7,
5155758,160,51,,,,,,Newington Forest CDP,12442,4338,,,12442,,8018,,1399,,49,,1821,,18,,468,,669,
5155800,160,51,,,,,,New Kent CDP,239,83,,,239,,201,,24,,0,,1,,0,,0,,13,
5156000,160,51,,,,,,Newport News city,180719,76198,180150,74117,180719,180150,88518,96383,73514,70388,851,752,4956,4195,315,214,4850,3225,7715,4993
5156048,160,51,,,,,,New River CDP,244,130,,,244,,141,,93,,2,,0,,0,,0,,8,
5156096,160,51,,,,,,Newsoms town,321,163,282,141,321,282,161,155,156,127,1,0,0,0,0,0,3,0,0,0
5156304,160,51,,,,,,Nickelsville town,383,204,448,210,383,448,362,447,1,0,4,0,0,0,11,0,4,0,1,1
5156464,160,51,,,,,,Nokesville CDP,1354,511,1236,462,1354,1236,1229,1163,43,46,6,1,26,6,0,1,20,2,30,17
5157000,160,51,,,,,,Norfolk city,242803,95018,234403,94416,242803,234403,114304,113358,104672,103387,1200,1071,7999,6593,396,251,5407,3923,8825,5820
5157531,160,51,,,,,,North Shore CDP,3094,2950,2112,1919,3094,2112,3012,2072,40,28,16,1,8,2,0,0,6,2,12,7
5157560,160,51,,,,,,North Springfield CDP,7274,2480,9173,3291,7274,9173,4099,6604,457,335,45,16,1546,1480,4,19,872,425,251,294
5157688,160,51,,,,,,Norton city,3958,1945,3904,1946,3958,3904,3510,3575,250,240,5,3,56,39,0,5,42,7,95,35
5157870,160,51,,,,,,Nottoway Court House CDP,84,40,,,84,,42,,38,,0,,0,,0,,0,,4,
5158104,160,51,,,,,,Oak Grove CDP,1777,540,,,1777,,521,,219,,10,,812,,10,,126,,79,
5158184,160,51,,,,,,Oak Hall CDP,255,124,,,255,,168,,71,,2,,0,,5,,3,,6,
5158312,160,51,,,,,,Oak Level CDP,857,439,885,465,857,885,791,819,58,63,3,1,1,0,0,0,0,1,4,1
5158472,160,51,,,,,,Oakton CDP,34166,13691,29348,11392,34166,29348,22642,21853,1711,1407,105,58,6805,4060,10,23,1472,903,1421,1044
5159336,160,51,,,,,,Onancock town,1263,753,1525,733,1263,1525,766,1013,434,479,3,7,13,1,1,0,23,10,23,15
5159416,160,51,,,,,,Opal CDP,691,232,,,691,,575,,57,,2,,10,,1,,27,,19,
5159496,160,51,,,,,,Orange town,4721,1991,4123,1712,4721,4123,3403,3168,1083,864,18,8,16,14,2,0,71,28,128,41
5160296,160,51,,,,,,Painter town,229,113,246,117,229,246,150,161,62,74,9,1,6,0,0,0,2,6,0,4
5160392,160,51,,,,,,Palmyra CDP,104,55,,,104,,81,,16,,0,,0,,0,,7,,0,
5160500,160,51,,,,,,Pantops CDP,3027,1860,,,3027,,2343,,395,,8,,153,,4,,64,,60,
5160840,160,51,,,,,,Parrott CDP,435,228,,,435,,427,,4,,0,,3,,0,,0,,1,
5160888,160,51,,,,,,Passapatanzy CDP,1283,439,,,1283,,1011,,205,,2,,9,,0,,17,,39,
5160920,160,51,,,,,,Pastoria CDP,649,295,,,649,,230,,344,,6,,4,,1,,60,,4,
5161208,160,51,,,,,,Pearisburg town,2786,1349,2729,1279,2786,2729,2684,2623,64,55,4,2,12,14,0,0,7,12,15,23
5161336,160,51,,,,,,Pembroke town,1128,555,1134,520,1128,1134,1030,1050,70,77,2,1,2,3,0,0,0,1,24,2
5161464,160,51,,,,,,Penhook CDP,801,961,726,694,801,726,685,587,99,132,0,0,5,2,0,0,6,0,6,5
5161832,160,51,,,,,,Petersburg city,32420,16326,33740,15955,32420,33740,5217,6249,25646,26643,97,67,267,236,19,9,597,198,577,338
5161896,160,51,,,,,,Phenix town,226,117,200,94,226,200,208,183,14,16,0,0,0,0,0,0,2,0,2,1
5162738,160,51,,,,,,Piney Mountain CDP,1130,452,,,1130,,695,,306,,2,,31,,0,,37,,59,
5163190,160,51,,,,,,Plum Creek CDP,1524,664,,,1524,,1439,,22,,9,,10,,0,,17,,27,
5163768,160,51,,,,,,Poquoson city,12150,4726,11566,4300,12150,11566,11557,11134,78,78,38,27,260,182,3,4,39,31,175,110
5164000,160,51,,,,,,Portsmouth city,95535,40806,100565,41605,95535,100565,39701,46096,50878,50899,421,478,1019,775,112,67,916,618,2488,1632
5164152,160,51,,,,,,Potomac Mills CDP,5614,1763,,,5614,,2751,,1271,,86,,577,,4,,596,,329,
5164272,160,51,,,,,,Pound town,1037,502,1089,516,1037,1089,1007,1075,6,0,0,1,0,0,0,0,9,1,15,12
5164512,160,51,,,,,,Prices Fork CDP,1066,470,,,1066,,977,,33,,2,,37,,1,,6,,10,
5164560,160,51,,,,,,Prince George CDP,2066,892,,,2066,,1457,,459,,11,,20,,0,,58,,61,
5164976,160,51,,,,,,Pungoteague CDP,347,160,,,347,,216,,117,,5,,0,,0,,6,,3,
5165120,160,51,,,,,,Quantico town,480,308,561,359,480,561,288,344,118,114,1,2,43,57,5,0,4,13,21,31
5165128,160,51,,,,,,Quantico Base CDP,4452,1071,,,4452,,3366,,546,,8,,114,,21,,149,,248,
5165280,160,51,,,,,,Quinby CDP,282,205,,,282,,256,,20,,2,,0,,0,,1,,3,
5165744,160,51,,,,,,Raven CDP,2270,1081,2593,1219,2270,2593,2232,2568,6,1,0,2,0,0,0,0,3,0,29,22
5165776,160,51,,,,,,Ravensworth CDP,2466,857,,,2466,,1640,,61,,6,,534,,4,,148,,73,
5166672,160,51,,,,,,Reston CDP,58404,26787,56407,24210,58404,56407,40959,41528,5654,5145,183,141,6382,5427,26,22,2830,2323,2370,1821
5166896,160,51,,,,,,Rich Creek town,774,326,665,312,774,665,740,653,8,9,0,0,11,2,0,0,10,0,5,1
5166928,160,51,,,,,,Richlands town,5823,2860,4144,2137,5823,4144,5636,4092,38,2,8,5,79,21,2,0,7,8,53,16
5167000,160,51,,,,,,Richmond city,204214,98349,197790,92282,204214,197790,83288,75744,103342,113108,705,479,4750,2471,158,157,7331,2948,4640,2883
5167256,160,51,,,,,,Riner CDP,859,353,,,859,,826,,15,,1,,0,,0,,0,,17,
5167331,160,51,,,,,,Rivanna CDP,1860,780,,,1860,,1741,,56,,4,,15,,0,,9,,35,
5167352,160,51,,,,,,Riverdale CDP,956,486,,,956,,660,,260,,7,,1,,0,,19,,9,
5167704,160,51,,,,,,Riverview CDP,782,325,,,782,,772,,3,,2,,0,,0,,4,,1,
5168000,160,51,,,,,,Roanoke city,97032,47453,94911,45257,97032,94911,62343,65848,27612,25380,279,190,1704,1096,53,23,2299,685,2742,1689
5168470,160,51,,,,,,Rockwood CDP,8431,3423,,,8431,,5839,,1760,,21,,349,,1,,209,,252,
5168880,160,51,,,,,,Rose Hill CDP,20226,7447,15058,5783,20226,15058,13358,11070,2225,1434,82,41,1989,1277,19,8,1781,663,772,565
5168885,160,51,,,,,,Rose Hill CDP,799,391,714,344,799,714,785,698,0,7,2,1,0,4,0,0,4,0,8,4
5169168,160,51,,,,,,Round Hill town,539,218,500,177,539,500,503,458,15,36,1,0,6,3,0,0,9,0,5,3
5169360,160,51,,,,,,Ruckersville CDP,1141,512,,,1141,,975,,79,,7,,13,,0,,31,,36,
5169456,160,51,,,,,,Rural Retreat town,1483,695,1350,629,1483,1350,1448,1330,12,5,1,4,1,2,1,0,10,5,10,4
5169472,160,51,,,,,,Rushmere CDP,1018,533,1083,529,1018,1083,387,394,612,673,5,7,2,3,0,0,6,0,6,6
5169536,160,51,,,,,,Rustburg CDP,1431,584,1271,518,1431,1271,1081,951,281,300,0,1,14,1,0,0,10,1,45,17
5169792,160,51,,,,,,St. Charles town,128,66,159,72,128,159,128,158,0,0,0,0,0,1,0,0,0,0,0,0
5169936,160,51,,,,,,St. Paul town,970,475,1000,496,970,1000,918,957,14,18,3,6,1,5,0,0,18,1,16,13
5170000,160,51,,,,,,Salem city,24802,10832,24747,10403,24802,24747,21872,22738,1763,1455,62,32,402,241,6,6,323,61,374,214
5170112,160,51,,,,,,Saluda CDP,769,236,,,769,,502,,244,,1,,2,,0,,2,,18,
5170256,160,51,,,,,,Sandston CDP,7571,3345,,,7571,,4587,,2493,,67,,98,,4,,147,,175,
5170296,160,51,,,,,,Sandy Level CDP,484,280,689,277,484,689,171,177,302,505,0,1,0,0,0,0,3,0,8,6
5170352,160,51,,,,,,Sanford CDP,212,127,,,212,,181,,21,,0,,1,,0,,8,,1,
5170520,160,51,,,,,,Savage Town CDP,78,42,,,78,,0,,74,,0,,0,,0,,4,,0,
5170528,160,51,,,,,,Savageville CDP,175,94,,,175,,37,,136,,0,,1,,0,,0,,1,
5170704,160,51,,,,,,Schuyler CDP,298,159,,,298,,275,,5,,1,,1,,0,,6,,10,
5170715,160,51,,,,,,Scotland CDP,203,155,,,203,,131,,68,,0,,0,,0,,0,,4,
5170800,160,51,,,,,,Scottsville town,566,308,555,300,566,555,517,519,32,26,0,4,6,2,1,0,2,0,8,4
5171040,160,51,,,,,,Sedley CDP,470,216,,,470,,407,,55,,1,,2,,0,,0,,5,
5171072,160,51,,,,,,Selma CDP,529,235,485,217,529,485,520,483,4,2,2,0,0,0,0,0,1,0,2,0
5171216,160,51,,,,,,Seven Corners CDP,9255,3767,8701,3378,9255,8701,4109,4272,664,581,85,24,1842,1787,12,6,1982,1407,561,624
5171264,160,51,,,,,,Seven Mile Ford CDP,783,400,,,783,,758,,18,,0,,0,,1,,1,,5,
5171625,160,51,,,,,,Shawneeland CDP,1873,839,,,1873,,1799,,26,,1,,9,,2,,14,,22,
5171632,160,51,,,,,,Shawsville CDP,1310,635,1029,443,1310,1029,1240,990,40,11,4,6,1,1,0,0,4,5,21,16
5171810,160,51,,,,,,Shenandoah Farms CDP,3033,1396,,,3033,,2882,,53,,14,,17,,1,,7,,59,
5171825,160,51,,,,,,Shenandoah Retreat CDP,518,270,,,518,,496,,6,,5,,4,,0,,1,,6,
5171826,160,51,,,,,,Shenandoah Shores CDP,934,355,,,934,,880,,20,,0,,5,,0,,9,,20,
5171904,160,51,,,,,,Sherando CDP,688,310,665,281,688,665,662,641,10,8,1,4,0,3,1,0,2,4,12,5
5172080,160,51,,,,,,Shipman CDP,507,261,,,507,,373,,121,,0,,0,,0,,2,,11,
5172272,160,51,,,,,,Short Pump CDP,24729,9795,182,77,24729,182,18551,167,1411,0,33,0,3939,0,3,0,177,8,615,7
5172935,160,51,,,,,,Skyland Estates CDP,830,409,,,830,,770,,17,,5,,6,,0,,15,,17,
5173376,160,51,,,,,,Snowville CDP,149,65,,,149,,147,,0,,1,,1,,0,,0,,0,
5173760,160,51,,,,,,Southern Gateway CDP,2805,1240,,,2805,,1599,,780,,14,,95,,4,,151,,162,
5173894,160,51,,,,,,Southampton Meadows CDP,592,221,,,592,,51,,507,,1,,0,,0,,2,,31,
5173904,160,51,,,,,,South Hill town,4650,2227,4403,1988,4650,4403,2421,2570,1968,1736,11,13,96,44,4,0,62,17,88,23
5174100,160,51,,,,,,South Riding CDP,24256,7653,,,24256,,14120,,1564,,52,,7019,,14,,507,,980,
5174120,160,51,,,,,,South Run CDP,6389,2113,,,6389,,5117,,325,,10,,717,,8,,42,,170,
5174160,160,51,,,,,,Southside Chesconessex CDP,131,99,,,131,,130,,0,,0,,0,,0,,0,,1,
5174384,160,51,,,,,,Sperryville CDP,342,179,,,342,,320,,18,,1,,1,,0,,0,,2,
5174470,160,51,,,,,,Spotsylvania Courthouse CDP,4239,1525,3833,1268,4239,3833,3248,3102,628,577,12,8,56,39,2,0,121,24,172,83
5174592,160,51,,,,,,Springfield CDP,30484,10630,30417,10832,30484,30417,14846,17572,2739,2722,211,92,7415,6251,26,17,3828,2356,1419,1407
5174848,160,51,,,,,,Springville CDP,1371,618,,,1371,,1334,,8,,4,,2,,0,,5,,18,
5174916,160,51,,,,,,Stafford Courthouse CDP,4320,1188,,,4320,,2630,,1311,,9,,129,,1,,133,,107,
5175216,160,51,,,,,,Staunton city,23746,11738,23853,10427,23746,23853,19874,19866,2885,3328,48,52,185,110,7,2,189,125,558,370
5175344,160,51,,,,,,Stephens City town,1829,835,1146,546,1829,1146,1556,1030,129,75,2,5,33,18,0,0,43,3,66,15
5175376,160,51,,,,,,Sterling CDP,27822,9603,,,27822,,15147,,2258,,131,,3925,,23,,4982,,1356,
5175702,160,51,,,,,,Stone Ridge CDP,7214,2450,,,7214,,3968,,728,,20,,1998,,2,,116,,382,
5175840,160,51,,,,,,Stony Creek town,198,108,202,118,198,202,142,141,53,59,0,0,0,2,0,0,1,0,2,0
5176000,160,51,,,,,,Strasburg town,6398,2950,4017,1877,6398,4017,5779,3761,320,180,12,2,55,16,0,2,85,18,147,38
5176272,160,51,,,,,,Stuarts Draft CDP,9235,3962,8367,3279,9235,8367,8657,7971,347,288,14,22,46,17,0,4,31,24,140,41
5176416,160,51,,,,,,Sudley CDP,16203,5377,7719,2703,16203,7719,8213,5821,2500,917,147,37,993,287,40,9,3436,394,874,254
5176432,160,51,,,,,,Suffolk city,84585,33035,63677,24704,84585,63677,44197,34271,36120,27718,268,191,1350,491,54,15,648,233,1948,758
5176464,160,51,,,,,,Sugarland Run CDP,11799,3716,,,11799,,6545,,990,,50,,1742,,6,,1885,,581,
5176880,160,51,,,,,,Surry town,244,118,262,119,244,262,183,194,54,61,1,3,0,0,1,0,1,4,4,0
5176912,160,51,,,,,,Sussex CDP,256,71,,,256,,117,,133,,5,,0,,0,,1,,0,
5177520,160,51,,,,,,Tangier town,727,377,604,270,727,604,714,601,4,3,0,0,3,0,0,0,0,0,6,0
5177568,160,51,,,,,,Tappahannock town,2375,1131,2068,946,2375,2068,1112,1130,1139,860,5,2,44,52,0,0,27,3,48,21
5177648,160,51,,,,,,Tasley CDP,300,147,,,300,,120,,146,,4,,2,,0,,13,,15,
5177856,160,51,,,,,,Temperanceville CDP,358,167,,,358,,230,,107,,1,,0,,0,,16,,4,
5177925,160,51,,,,,,Templeton CDP,431,189,,,431,,271,,116,,2,,2,,0,,17,,23,
5178192,160,51,,,,,,The Plains town,217,105,266,118,217,266,185,239,20,27,0,0,0,0,0,0,8,0,4,0
5178532,160,51,,,,,,Thynedale CDP,197,85,,,197,,9,,187,,0,,1,,0,,0,,0,
5178688,160,51,,,,,,Timberlake CDP,12183,5487,10683,4707,12183,10683,10469,9735,980,579,21,30,303,183,1,2,183,50,226,104
5178736,160,51,,,,,,Timberville town,2522,1166,1739,770,2522,1739,2366,1693,28,3,11,2,1,3,0,0,63,21,53,17
5179024,160,51,,,,,,Toms Brook town,258,111,255,103,258,255,233,242,6,3,0,2,1,0,0,0,10,1,8,7
5179360,160,51,,,,,,Triangle CDP,8188,3143,5500,2318,8188,5500,3378,3359,3039,1558,45,27,444,158,13,6,750,197,519,195
5179472,160,51,,,,,,Troutville town,431,226,432,202,431,432,409,421,5,3,1,0,1,0,0,0,4,0,11,8
5179560,160,51,,,,,,Tuckahoe CDP,44990,19679,43242,18647,44990,43242,36832,38393,4355,2499,93,72,1845,1484,16,14,977,290,872,490
5179768,160,51,,,,,,Twin Lakes CDP,1647,553,,,1647,,1342,,156,,3,,29,,1,,66,,50,
5179952,160,51,,,,,,Tysons Corner CDP,19627,10637,18540,9474,19627,18540,11954,13201,953,716,32,25,5399,3287,22,13,379,233,888,1065
5180016,160,51,,,,,,Union Level CDP,188,77,,,188,,140,,39,,0,,0,,0,,8,,1,
5180120,160,51,,,,,,University Center CDP,3586,1720,,,3586,,2045,,447,,10,,601,,7,,303,,173,
5180165,160,51,,,,,,University of Virginia CDP,7704,1379,,,7704,,5074,,594,,11,,1633,,1,,82,,309,
5180272,160,51,,,,,,Urbanna town,476,368,543,354,476,543,431,519,35,19,0,0,3,0,0,0,0,0,7,5
5180608,160,51,,,,,,Vansant CDP,470,282,989,500,470,989,457,978,1,0,0,0,1,6,0,0,0,0,11,5
5181024,160,51,,,,,,Victoria town,1725,888,1821,903,1725,1821,1166,1388,505,391,0,3,3,1,0,0,16,7,35,31
5181072,160,51,,,,,,Vienna town,15687,5686,14453,5438,15687,14453,11844,11722,495,497,48,27,1891,1368,7,0,835,392,567,447
5181152,160,51,,,,,,Villa Heights CDP,717,350,845,358,717,845,486,617,216,175,0,0,1,0,0,0,7,42,7,11
5181280,160,51,,,,,,Vinton town,8098,3774,7782,3471,8098,7782,7285,7342,452,261,9,8,78,51,4,3,106,46,164,71
5181312,160,51,,,,,,Virgilina town,154,87,159,86,154,159,134,148,11,9,3,2,0,0,0,0,4,0,2,0
5182371,160,51,,,,,,Wakefield CDP,11275,3931,,,11275,,8698,,250,,20,,1870,,7,,129,,301,
5182384,160,51,,,,,,Wakefield town,927,455,1038,485,927,1038,433,493,470,532,3,2,14,0,0,0,0,0,7,11
5183056,160,51,,,,,,Warfield CDP,115,61,,,115,,27,,86,,0,,0,,0,,0,,2,
5183088,160,51,,,,,,Warm Springs CDP,123,108,,,123,,102,,19,,0,,1,,0,,0,,1,
5183136,160,51,,,,,,Warrenton town,9611,3966,6670,2856,9611,6670,7509,5339,1303,1100,25,16,222,67,11,1,266,42,275,105
5183168,160,51,,,,,,Warsaw town,1512,555,1375,468,1512,1375,1065,930,386,404,11,3,10,6,0,0,19,21,21,11
5183568,160,51,,,,,,Wattsville CDP,1128,582,,,1128,,732,,316,,5,,12,,3,,27,,33,
5183600,160,51,,,,,,Waverly town,2149,936,2309,960,2149,2309,651,848,1392,1426,1,3,11,1,0,0,69,11,25,20
5183680,160,51,,,,,,Waynesboro city,21006,9717,19520,8863,21006,19520,17274,16877,2229,1945,58,61,154,112,5,6,605,213,681,306
5183808,160,51,,,,,,Weber City town,1327,683,1333,689,1327,1333,1292,1311,14,12,4,1,7,0,0,0,4,4,6,5
5184366,160,51,,,,,,West Falls Church CDP,29207,10586,,,29207,,16156,,1415,,146,,5554,,8,,4669,,1259,
5184632,160,51,,,,,,Westlake Corner CDP,976,663,899,515,976,899,946,867,10,23,3,0,7,3,0,1,2,1,8,4
5184960,160,51,,,,,,West Point town,3306,1379,2866,1151,3306,2866,2618,2302,509,485,13,13,60,30,0,0,32,10,74,26
5184976,160,51,,,,,,West Springfield CDP,22460,8556,28378,10425,22460,28378,15292,21371,1746,1387,72,79,3511,3946,34,17,895,724,910,854
5185184,160,51,,,,,,Weyers Cave CDP,2473,910,1225,490,2473,1225,2271,1185,46,11,1,0,15,1,1,0,87,12,52,16
5185608,160,51,,,,,,Whitesville CDP,219,114,,,219,,58,,138,,0,,5,,4,,9,,5,
5186160,160,51,,,,,,Williamsburg city,14068,5176,11998,3880,14068,11998,10407,9543,1968,1601,38,32,808,549,5,7,353,90,489,176
5186720,160,51,,,,,,Winchester city,26203,11872,23585,10587,26203,23585,19532,19355,2864,2470,93,56,611,375,4,8,2299,817,800,504
5186784,160,51,,,,,,Windsor town,2626,1059,916,422,2626,916,1943,822,584,83,10,4,17,0,1,0,35,0,36,7
5187008,160,51,,,,,,Wintergreen CDP,165,2291,,,165,,153,,9,,0,,3,,0,,0,,0,
5187240,160,51,,,,,,Wolf Trap CDP,16131,5361,14001,4606,16131,14001,13222,12104,264,250,25,18,2054,1170,6,0,82,90,478,369
5187312,160,51,,,,,,Woodbridge CDP,4055,1806,31941,11026,4055,31941,2329,17996,750,7490,24,177,399,1566,7,54,352,3074,194,1584
5187333,160,51,,,,,,Woodburn CDP,8480,3234,,,8480,,5431,,540,,65,,1617,,5,,451,,371,
5187380,160,51,,,,,,Woodlake CDP,7319,2688,,,7319,,6432,,504,,17,,170,,0,,41,,155,
5187408,160,51,,,,,,Woodlawn CDP,2343,1017,2249,926,2343,2249,2280,2217,13,11,6,6,0,2,0,0,27,8,17,5
5187430,160,51,,,,,,Woodlawn CDP,20804,7491,,,20804,,6984,,6997,,168,,1675,,27,,3785,,1168,
5187712,160,51,,,,,,Woodstock town,5097,2421,3952,1840,5097,3952,4460,3621,172,108,11,3,35,7,1,1,324,169,94,43
5187960,160,51,,,,,,Wyndham CDP,9785,3266,6176,2190,9785,6176,7921,5646,293,164,15,6,1381,281,0,0,21,14,154,65
5188000,160,51,,,,,,Wytheville town,8211,4258,7804,3776,8211,7804,7331,7083,606,561,5,10,78,55,2,2,35,26,154,67
5188145,160,51,,,,,,Yogaville CDP,226,141,,,226,,212,,4,,1,,4,,0,,0,,5,
5188240,160,51,,,,,,Yorktown CDP,195,126,203,129,195,203,179,187,13,12,0,1,1,1,0,0,2,0,0,2
5109016,160,51,,,,,,Boydton town,431,159,454,165,431,454,281,264,146,178,0,0,1,0,0,0,2,7,1,5
5116608,160,51,,,,,,Christiansburg town,21041,9556,16947,7430,21041,16947,18831,15783,1295,819,53,36,302,70,9,3,141,81,410,155
5123376,160,51,,,,,,Drakes Branch town,530,267,504,262,530,504,279,299,231,202,1,0,0,0,0,0,5,1,14,2
5124496,160,51,,,,,,East Highland Park CDP,14796,6295,12488,5226,14796,12488,1605,2307,12584,9910,55,36,106,49,5,1,107,42,334,143
5131936,160,51,,,,,,Gordonsville town,1496,710,1498,688,1496,1498,1058,1081,355,372,0,3,7,4,0,0,38,10,38,28
5137880,160,51,,,,,,Hollins CDP,14673,6435,14309,5947,14673,14309,12549,12975,1282,855,14,26,475,266,5,1,99,56,249,130
5144696,160,51,,,,,,Lebanon town,3424,1681,3273,1548,3424,3273,3241,3127,99,122,9,4,30,0,0,0,16,3,29,17
5150984,160,51,,,,,,Melfa town,408,202,450,205,408,450,330,371,62,71,4,1,0,0,0,0,0,6,12,1
5153992,160,51,,,,,,Mount Jackson town,1994,843,1664,718,1994,1664,1676,1460,21,11,17,2,14,5,0,2,227,161,39,23
5155752,160,51,,,,,,Newington CDP,12943,4439,19784,6793,12943,19784,7600,13413,1996,2538,40,52,1870,2307,14,16,682,526,741,932
5155848,160,51,,,,,,New Market town,2146,1048,1637,808,2146,1637,1889,1535,33,18,8,0,9,11,0,0,143,65,64,8
5161560,160,51,,,,,,Pennington Gap town,1781,962,1781,950,1781,1781,1696,1697,42,61,4,7,1,5,0,0,21,0,17,11
5162264,160,51,,,,,,Pimmit Hills CDP,6094,2324,6152,2299,6094,6152,4237,4540,223,154,53,28,938,707,7,10,334,460,302,253
5165392,160,51,,,,,,Radford city,16408,6427,15859,6137,16408,15859,14273,13990,1279,1284,33,39,256,226,5,4,156,77,406,239
5170096,160,51,,,,,,Saltville town,2077,967,2204,1003,2077,2204,2046,2181,8,9,2,4,3,0,0,0,4,1,14,9
5173712,160,51,,,,,,South Boston town,8142,3866,8491,3946,8142,8491,3763,4299,4087,4012,20,18,45,41,0,0,128,43,99,78
5175040,160,51,,,,,,Stanleytown CDP,1422,745,1515,723,1422,1515,1255,1338,56,39,3,2,12,0,0,2,85,113,11,21
5179456,160,51,,,,,,Troutdale town,178,107,1230,111,178,1230,169,380,0,834,0,0,0,5,0,0,7,10,2,1
5100468,160,51,,,,,,Adwolf CDP,1530,677,1457,617,1530,1457,1481,1431,17,2,1,0,4,3,0,0,21,7,6,14
5103000,160,51,,,,,,Arlington CDP,207627,105404,189453,90426,207627,189453,148970,130601,17632,17705,971,662,19931,16327,171,143,12175,15786,7777,8229
5105912,160,51,,,,,,Belle Haven town,532,256,480,248,532,480,391,375,110,93,0,4,0,3,0,0,25,3,6,2
5107832,160,51,,,,,,Blackstone town,3621,1698,3675,1581,3621,3675,1670,1846,1760,1705,6,1,15,26,0,0,116,69,54,28
5108152,160,51,,,,,,Bluefield town,5444,2451,5078,2349,5444,5078,4888,4687,334,247,2,16,104,72,0,0,19,6,97,50
5108472,160,51,,,,,,Bon Air CDP,16366,7017,16213,6502,16366,16213,13393,14090,1665,1366,40,26,606,410,3,6,274,137,385,178
5108584,160,51,,,,,,Boones Mill town,239,127,285,138,239,285,225,273,9,7,1,2,0,3,0,0,0,0,4,0
5108888,160,51,,,,,,Bowling Green town,1111,482,936,425,1111,936,826,750,244,172,1,5,7,0,0,0,8,3,25,6
5109032,160,51,,,,,,Boykins town,564,270,620,287,564,620,332,382,218,232,2,0,1,0,0,0,0,2,11,4
5111560,160,51,,,,,,Burkeville town,432,223,489,248,432,489,287,307,129,170,1,0,6,0,0,0,4,5,5,7
5112808,160,51,,,,,,Cape Charles town,1009,958,1134,740,1009,1134,652,610,314,486,3,1,4,5,9,0,16,18,11,14
5114952,160,51,,,,,,Charlotte Court House town,543,230,404,177,543,404,301,223,217,177,0,0,5,0,0,0,13,3,7,1
5114968,160,51,,,,,,Charlottesville city,43475,19189,45049,17591,43475,45049,30031,31337,8437,10009,116,49,2771,2223,17,15,794,458,1309,958
5115000,160,51,,,,,,Chatham town,1269,619,1338,612,1269,1338,932,957,294,349,1,8,3,0,0,0,23,7,16,17
5115112,160,51,,,,,,Cheriton town,487,243,499,239,487,499,324,355,140,137,4,0,0,0,0,0,12,5,7,2
5117376,160,51,,,,,,Clifton town,282,93,185,70,282,185,279,183,0,0,0,0,1,1,0,0,1,1,1,0
5117680,160,51,,,,,,Cloverdale CDP,3119,1336,2986,1204,3119,2986,2930,2837,112,66,10,3,27,35,0,0,14,24,26,21
5118400,160,51,,,,,,Colonial Beach town,3542,2382,3228,2030,3542,3228,2763,2557,592,547,17,3,33,20,2,0,32,53,103,48
5119600,160,51,,,,,,Courtland town,1284,520,1270,498,1284,1270,618,664,642,597,3,2,3,1,1,0,0,0,17,6
5119904,160,51,,,,,,Craigsville town,923,450,979,474,923,979,899,947,16,17,3,3,0,0,0,0,2,2,3,10
5120240,160,51,,,,,,Crimora CDP,2209,920,1796,761,2209,1796,2102,1753,52,15,11,4,5,4,0,0,7,0,32,20
5121184,160,51,,,,,,Damascus town,814,523,981,543,814,981,791,951,8,16,4,5,4,3,0,0,0,1,7,5
5121648,160,51,,,,,,Dayton town,1530,662,1344,565,1530,1344,1416,1266,11,9,0,0,8,5,0,0,79,39,16,25
5122160,160,51,,,,,,Dendron town,272,136,297,121,272,297,103,145,156,152,2,0,1,0,0,0,1,0,9,0
5122560,160,51,,,,,,Dillwyn town,447,197,447,200,447,447,272,256,167,177,1,0,0,0,0,0,0,3,7,11
5123984,160,51,,,,,,Dunn Loring CDP,8803,3027,7861,2711,8803,7861,6358,5828,279,236,17,23,1741,1198,6,1,90,325,312,250
5126384,160,51,,,,,,Ewing CDP,439,222,436,216,439,436,438,433,0,0,0,0,0,0,0,0,0,1,1,2
5126416,160,51,,,,,,Exmore town,1460,769,1136,524,1460,1136,845,714,551,384,5,5,19,3,0,1,10,14,30,15
5127264,160,51,,,,,,Falmouth CDP,4274,1692,3624,1412,4274,3624,3260,3236,623,234,11,8,84,39,9,0,137,22,150,85
5127296,160,51,,,,,,Fancy Gap CDP,237,152,260,156,237,260,230,258,0,0,0,1,0,0,0,0,6,1,1,0
5127440,160,51,,,,,,Farmville town,8216,2885,6845,2294,8216,6845,5941,4865,1958,1758,29,14,101,72,10,18,52,33,125,85
5127712,160,51,,,,,,Ferrum CDP,2043,534,1313,307,2043,1313,1419,1061,444,213,13,3,13,9,1,0,139,12,14,15
5127744,160,51,,,,,,Fieldale CDP,879,455,929,473,879,929,811,903,48,17,0,0,1,0,0,1,8,0,11,8
5127824,160,51,,,,,,Fincastle town,353,143,359,142,353,359,314,322,33,27,0,1,2,1,0,0,4,6,0,2
5127968,160,51,,,,,,Fishersville CDP,7462,3077,4998,1931,7462,4998,6758,4736,427,199,16,6,82,21,3,0,42,4,134,32
5128544,160,51,,,,,,Floyd town,425,277,432,264,425,432,400,403,15,20,2,0,2,1,0,1,0,3,6,4
5129152,160,51,,,,,,Fort Lee CDP,3393,866,7269,1445,3393,7269,1414,2868,1425,3420,12,53,65,170,65,29,178,485,234,244
5129600,160,51,,,,,,Franklin city,8582,3901,8346,3767,8582,8346,3380,3816,4884,4366,28,12,64,65,2,1,59,16,165,70
5130176,160,51,,,,,,Gainesville CDP,11481,3959,4382,1842,11481,4382,7455,3890,1346,298,34,10,1782,60,7,2,352,67,505,55
5131136,160,51,,,,,,Glasgow town,1133,532,1046,494,1133,1046,935,842,153,169,6,5,3,4,0,0,20,0,16,26
5131608,160,51,,,,,,Gloucester Courthouse CDP,2951,1149,2269,907,2951,2269,2498,1969,341,242,6,11,38,6,0,0,13,11,55,30
5134240,160,51,,,,,,Hamilton town,506,232,562,224,506,562,481,549,15,8,0,0,2,3,0,0,0,2,8,0
5137336,160,51,,,,,,Hillsville town,2681,1474,2607,1352,2681,2607,2610,2513,16,5,5,4,19,11,4,0,8,46,19,28
5138280,160,51,,,,,,Honaker town,1449,684,945,445,1449,945,1432,931,3,3,4,4,0,0,0,0,0,5,10,2
5139064,160,51,,,,,,Huntington CDP,11267,6409,8325,4860,11267,8325,7021,5407,1521,1394,46,33,1066,584,7,13,1122,575,484,319
5139528,160,51,,,,,,Independence town,947,534,971,497,947,971,825,881,77,66,5,0,0,0,0,0,20,12,20,12
5141656,160,51,,,,,,Keller town,178,87,173,90,178,173,133,140,39,22,4,1,0,0,0,0,0,6,2,4
5141832,160,51,,,,,,Kenbridge town,1257,596,1253,579,1257,1253,667,646,470,563,6,0,2,5,0,0,93,16,19,23
5144520,160,51,,,,,,Lawrenceville town,1438,538,1275,459,1438,1275,284,424,1106,824,3,4,8,3,4,0,9,0,24,20
5148344,160,51,,,,,,McKenney town,483,215,441,183,483,441,294,292,172,147,0,0,1,1,0,0,1,0,15,1
5149784,160,51,,,,,,Martinsville city,13821,7205,15416,7249,13821,15416,6903,8537,6213,6559,27,16,129,72,1,0,281,107,267,125
5151448,160,51,,,,,,Middleburg town,673,414,632,364,673,632,527,484,118,128,1,0,4,1,0,0,7,8,16,11
5152952,160,51,,,,,,Montross town,384,207,315,164,384,315,306,285,75,25,0,0,1,0,0,0,0,0,2,5
5154144,160,51,,,,,,Mount Vernon CDP,12416,4773,28582,10926,12416,28582,8881,15554,1588,7904,54,95,828,1810,8,36,678,1965,379,1218
5158696,160,51,,,,,,Occoquan town,934,569,759,443,934,759,756,649,108,62,10,4,31,12,0,1,8,12,21,19
5159384,160,51,,,,,,Onley town,516,288,496,271,516,496,379,413,86,69,2,1,4,2,0,0,34,8,11,3
5160488,160,51,,,,,,Pamplin City town,219,104,199,89,219,199,186,181,29,15,1,0,0,0,0,0,2,0,1,3
5160680,160,51,,,,,,Parksley town,842,407,837,405,842,837,629,688,120,90,11,5,12,4,0,0,52,36,18,14
5160984,160,51,,,,,,Patrick Springs CDP,1845,937,2068,966,1845,2068,1617,1885,166,141,1,7,1,0,0,0,32,14,28,21
5163288,160,51,,,,,,Pocahontas town,389,215,441,230,389,441,359,424,15,9,2,1,0,0,0,0,0,4,13,3
5163928,160,51,,,,,,Port Royal town,126,75,170,90,126,170,64,101,54,65,1,0,0,0,5,0,0,1,2,3
5164880,160,51,,,,,,Pulaski town,9086,4511,9473,4517,9086,9473,8086,8483,708,734,24,11,53,34,1,8,27,91,187,112
5165008,160,51,,,,,,Purcellville town,7727,2491,3584,1292,7727,3584,6648,3187,404,267,12,3,250,30,2,1,155,28,256,68
5166512,160,51,,,,,,Remington town,598,256,624,255,598,624,445,507,105,57,1,4,4,8,0,0,26,30,17,18
5167208,160,51,,,,,,Ridgeway town,742,361,775,327,742,775,577,619,113,124,8,0,14,19,0,0,20,8,10,5
5168496,160,51,,,,,,Rocky Mount town,4799,2249,4066,1796,4799,4066,3567,3029,912,905,20,11,62,45,1,4,122,20,115,52
5170576,160,51,,,,,,Saxis town,241,179,337,193,241,337,235,329,1,3,0,0,0,0,0,0,0,4,5,1
5170752,160,51,,,,,,Scottsburg town,119,63,145,64,119,145,106,117,13,24,0,0,0,0,0,0,0,4,0,0
5171776,160,51,,,,,,Shenandoah town,2373,1076,1878,812,2373,1878,2286,1818,34,24,6,2,7,2,0,2,14,17,26,13
5173200,160,51,,,,,,Smithfield town,8089,3323,6324,2552,8089,6324,5439,4251,2322,1952,30,22,73,26,8,1,35,14,182,58
5175008,160,51,,,,,,Stanardsville town,367,182,476,196,367,476,283,423,65,41,0,1,0,0,0,0,18,5,1,6
5175024,160,51,,,,,,Stanley town,1689,769,1326,598,1689,1326,1655,1298,5,0,5,0,3,0,0,0,9,17,12,11
5176256,160,51,,,,,,Stuart town,1408,731,961,516,1408,961,1216,787,126,145,7,0,12,0,0,0,26,20,21,9
5176448,160,51,,,,,,Sugar Grove CDP,758,374,741,365,758,741,721,693,16,37,3,1,1,0,0,0,1,1,16,9
5177792,160,51,,,,,,Tazewell town,4627,2204,4206,1804,4627,4206,4175,3734,313,392,8,7,33,22,0,0,39,15,59,36
5180000,160,51,,,,,,Union Hall CDP,1138,1215,957,813,1138,957,1073,914,36,36,2,3,8,0,0,0,5,3,14,1
5180864,160,51,,,,,,Verona CDP,4239,1556,3638,1562,4239,3638,3759,3450,351,118,17,8,28,22,0,0,29,5,55,35
5182000,160,51,,,,,,Virginia Beach city,437994,177879,425257,162277,437994,425257,296670,303681,85935,80593,1685,1619,26769,20869,657,416,8622,6402,17656,11677
5182320,160,51,,,,,,Wachapreague town,232,230,236,225,232,236,215,220,16,6,0,1,0,0,0,0,0,4,1,5
5183248,160,51,,,,,,Washington town,135,97,183,117,135,183,122,152,8,20,0,0,2,4,0,0,1,4,2,3
5185600,160,51,,,,,,White Stone town,352,183,358,187,352,358,302,309,36,37,1,0,8,8,0,0,1,1,4,3
5187072,160,51,,,,,,Wise town,3286,1659,3255,1594,3286,3255,3157,3100,33,63,4,9,28,37,0,0,24,25,40,21
5188176,160,51,,,,,,Yorkshire CDP,7541,2401,6732,2332,7541,6732,4363,5098,745,574,41,28,579,161,5,7,1375,561,433,303
